--
-- PostgreSQL database dump
--

SET statement_timeout = 0;
SET lock_timeout = 0;
SET client_encoding = 'SQL_ASCII';
SET standard_conforming_strings = on;
SET check_function_bodies = false;
SET client_min_messages = warning;

SET search_path = public, pg_catalog;

--
-- Data for Name: CAT1_TABLE; Type: TABLE DATA; Schema: public; Owner: norm
--

INSERT INTO "CAT1_TABLE" VALUES ('130071601097', 'MAB1181', 80, 90, 1);
INSERT INTO "CAT1_TABLE" VALUES ('130071601097', 'ENB1181', 80, 76, 1);
INSERT INTO "CAT1_TABLE" VALUES ('130071601097', 'PHB1181', 60, 70, 1);
INSERT INTO "CAT1_TABLE" VALUES ('130071601097', 'CHB1181', 60, 75, 1);
INSERT INTO "CAT1_TABLE" VALUES ('130071601097', 'GEB1101', 90, 90, 1);
INSERT INTO "CAT1_TABLE" VALUES ('130071601097', 'SSB1181', 70, 80, 1);
INSERT INTO "CAT1_TABLE" VALUES ('130071601097', 'GEB1103', 90, 80, 1);
INSERT INTO "CAT1_TABLE" VALUES ('130071601097', 'MAB1282', 90, 90, 2);
INSERT INTO "CAT1_TABLE" VALUES ('130071601097', 'PHB1283', 70, 80, 2);
INSERT INTO "CAT1_TABLE" VALUES ('130071601097', 'SSB1182', 90, 80, 2);
INSERT INTO "CAT1_TABLE" VALUES ('130071601097', 'GEB1211', 60, 70, 2);
INSERT INTO "CAT1_TABLE" VALUES ('130071601097', 'EEB1281', 83, 70, 2);
INSERT INTO "CAT1_TABLE" VALUES ('130071601097', 'CSB1211', 70, 80, 2);
INSERT INTO "CAT1_TABLE" VALUES ('130071601097', 'ENB1282', 0, 100, 2);
INSERT INTO "CAT1_TABLE" VALUES ('130071601097', 'EEB1282', 0, 80, 2);
INSERT INTO "CAT1_TABLE" VALUES ('130071601097', 'PHB1284', 0, 100, 2);
INSERT INTO "CAT1_TABLE" VALUES ('130071601097', 'MAB2181', 70, 80, 3);
INSERT INTO "CAT1_TABLE" VALUES ('130071601097', 'SSB2181', 83, 70, 3);
INSERT INTO "CAT1_TABLE" VALUES ('130071601097', 'CSB2101', 60, 70, 3);
INSERT INTO "CAT1_TABLE" VALUES ('130071601097', 'CSB2103', 70, 80, 3);
INSERT INTO "CAT1_TABLE" VALUES ('130071601097', 'ENB2181', 0, 100, 3);
INSERT INTO "CAT1_TABLE" VALUES ('130071601097', 'CSB2105', 0, 80, 3);
INSERT INTO "CAT1_TABLE" VALUES ('130071601097', 'CSB2106', 0, 100, 3);
INSERT INTO "CAT1_TABLE" VALUES ('130071601097', 'CSB2107', 0, 90, 3);
INSERT INTO "CAT1_TABLE" VALUES ('130071601097', 'MAB2285', 70, 80, 4);
INSERT INTO "CAT1_TABLE" VALUES ('130071601097', 'LSB2181', 74, 82, 4);
INSERT INTO "CAT1_TABLE" VALUES ('130071601097', 'CSB2211', 72, 80, 4);
INSERT INTO "CAT1_TABLE" VALUES ('130071601097', 'CSB2212', 60, 70, 4);
INSERT INTO "CAT1_TABLE" VALUES ('130071601097', 'CSB2213', 83, 70, 4);
INSERT INTO "CAT1_TABLE" VALUES ('130071601097', 'CSB2214', 70, 80, 4);
INSERT INTO "CAT1_TABLE" VALUES ('130071601097', 'ENB2282', 0, 100, 4);
INSERT INTO "CAT1_TABLE" VALUES ('130071601097', 'CSB2215', 0, 80, 4);
INSERT INTO "CAT1_TABLE" VALUES ('130071601097', 'CSB2216', 0, 100, 4);
INSERT INTO "CAT1_TABLE" VALUES ('130071601097', 'CSB2217', 0, 80, 4);
INSERT INTO "CAT1_TABLE" VALUES ('130071601097', 'CSB2102', 65, 72, 3);
INSERT INTO "CAT1_TABLE" VALUES ('130071601097', 'CSB2104', 65, 80, 3);
INSERT INTO "CAT1_TABLE" VALUES ('130071601097', 'PHB1182', 67, 100, 1);
INSERT INTO "CAT1_TABLE" VALUES ('130071601097', 'CHB1182', 78, 100, 1);
INSERT INTO "CAT1_TABLE" VALUES ('130071601097', 'GEB1102', 56, 80, 1);
INSERT INTO "CAT1_TABLE" VALUES ('130071601095', 'CSB2101', 98, 92, 3);
INSERT INTO "CAT1_TABLE" VALUES ('130071603007', 'CSB2101', 80, 80, 3);


--
-- Data for Name: CAT2_TABLE; Type: TABLE DATA; Schema: public; Owner: norm
--

INSERT INTO "CAT2_TABLE" VALUES ('130071601097', 'MAB1181', 90, 90, 1);
INSERT INTO "CAT2_TABLE" VALUES ('130071601097', 'ENB1181', 79, 75, 1);
INSERT INTO "CAT2_TABLE" VALUES ('130071601097', 'PHB1181', 70, 75, 1);
INSERT INTO "CAT2_TABLE" VALUES ('130071601097', 'CHB1181', 65, 76, 1);
INSERT INTO "CAT2_TABLE" VALUES ('130071601097', 'GEB1101', 60, 72, 1);
INSERT INTO "CAT2_TABLE" VALUES ('130071601097', 'SSB1181', 80, 92, 1);
INSERT INTO "CAT2_TABLE" VALUES ('130071601097', 'GEB1103', 60, 60, 1);
INSERT INTO "CAT2_TABLE" VALUES ('130071601097', 'MAB1282', 60, 72, 2);
INSERT INTO "CAT2_TABLE" VALUES ('130071601097', 'PHB1283', 80, 92, 2);
INSERT INTO "CAT2_TABLE" VALUES ('130071601097', 'SSB1182', 60, 60, 2);
INSERT INTO "CAT2_TABLE" VALUES ('130071601097', 'GEB1211', 70, 75, 2);
INSERT INTO "CAT2_TABLE" VALUES ('130071601097', 'EEB1281', 75, 70, 2);
INSERT INTO "CAT2_TABLE" VALUES ('130071601097', 'CSB1211', 80, 92, 2);
INSERT INTO "CAT2_TABLE" VALUES ('130071601097', 'ENB1282', 0, 100, 2);
INSERT INTO "CAT2_TABLE" VALUES ('130071601097', 'EEB1282', 0, 92, 2);
INSERT INTO "CAT2_TABLE" VALUES ('130071601097', 'PHB1284', 0, 100, 2);
INSERT INTO "CAT2_TABLE" VALUES ('130071601097', 'MAB2181', 80, 92, 3);
INSERT INTO "CAT2_TABLE" VALUES ('130071601097', 'SSB2181', 75, 70, 3);
INSERT INTO "CAT2_TABLE" VALUES ('130071601097', 'CSB2101', 70, 75, 3);
INSERT INTO "CAT2_TABLE" VALUES ('130071601097', 'CSB2103', 80, 92, 3);
INSERT INTO "CAT2_TABLE" VALUES ('130071601097', 'ENB2181', 0, 100, 3);
INSERT INTO "CAT2_TABLE" VALUES ('130071601097', 'CSB2105', 0, 92, 3);
INSERT INTO "CAT2_TABLE" VALUES ('130071601097', 'CSB2106', 0, 100, 3);
INSERT INTO "CAT2_TABLE" VALUES ('130071601097', 'CSB2107', 0, 90, 3);
INSERT INTO "CAT2_TABLE" VALUES ('130071601097', 'MAB2285', 80, 92, 4);
INSERT INTO "CAT2_TABLE" VALUES ('130071601097', 'LSB2181', 78, 80, 4);
INSERT INTO "CAT2_TABLE" VALUES ('130071601097', 'CSB2211', 80, 65, 4);
INSERT INTO "CAT2_TABLE" VALUES ('130071601097', 'CSB2212', 70, 75, 4);
INSERT INTO "CAT2_TABLE" VALUES ('130071601097', 'CSB2213', 75, 70, 4);
INSERT INTO "CAT2_TABLE" VALUES ('130071601097', 'CSB2214', 80, 92, 4);
INSERT INTO "CAT2_TABLE" VALUES ('130071601097', 'ENB2282', 0, 100, 4);
INSERT INTO "CAT2_TABLE" VALUES ('130071601097', 'CSB2215', 0, 92, 4);
INSERT INTO "CAT2_TABLE" VALUES ('130071601097', 'CSB2216', 0, 100, 4);
INSERT INTO "CAT2_TABLE" VALUES ('130071601097', 'CSB2217', 0, 92, 4);
INSERT INTO "CAT2_TABLE" VALUES ('130071601097', 'CSB2102', 73, 75, 3);
INSERT INTO "CAT2_TABLE" VALUES ('130071601097', 'CSB2104', 73, 76, 3);
INSERT INTO "CAT2_TABLE" VALUES ('130071601097', 'PHB1182', 89, 100, 1);
INSERT INTO "CAT2_TABLE" VALUES ('130071601097', 'CHB1182', 74, 100, 1);
INSERT INTO "CAT2_TABLE" VALUES ('130071601097', 'GEB1102', 65, 92, 1);
INSERT INTO "CAT2_TABLE" VALUES ('130071601095', 'CSB2101', 83, 82, 3);
INSERT INTO "CAT2_TABLE" VALUES ('130071603007', 'CSB2102', 95, 92, 3);
INSERT INTO "CAT2_TABLE" VALUES ('130071603007', 'CSB2101', 95, 92, 3);


--
-- Data for Name: CAT3_TABLE; Type: TABLE DATA; Schema: public; Owner: norm
--

INSERT INTO "CAT3_TABLE" VALUES ('130071601097', 'MAB1181', 80, 80, 1);
INSERT INTO "CAT3_TABLE" VALUES ('130071601097', 'ENB1181', 90, 90, 1);
INSERT INTO "CAT3_TABLE" VALUES ('130071601097', 'PHB1181', 80, 85, 1);
INSERT INTO "CAT3_TABLE" VALUES ('130071601097', 'CHB1181', 70, 80, 1);
INSERT INTO "CAT3_TABLE" VALUES ('130071601097', 'GEB1101', 95, 90, 1);
INSERT INTO "CAT3_TABLE" VALUES ('130071601097', 'SSB1181', 85, 75, 1);
INSERT INTO "CAT3_TABLE" VALUES ('130071601097', 'GEB1103', 90, 95, 1);
INSERT INTO "CAT3_TABLE" VALUES ('130071601097', 'MAB1282', 95, 90, 2);
INSERT INTO "CAT3_TABLE" VALUES ('130071601097', 'PHB1283', 85, 75, 2);
INSERT INTO "CAT3_TABLE" VALUES ('130071601097', 'SSB1182', 90, 95, 2);
INSERT INTO "CAT3_TABLE" VALUES ('130071601097', 'GEB1211', 80, 85, 2);
INSERT INTO "CAT3_TABLE" VALUES ('130071601097', 'EEB1281', 85, 95, 2);
INSERT INTO "CAT3_TABLE" VALUES ('130071601097', 'CSB1211', 85, 75, 2);
INSERT INTO "CAT3_TABLE" VALUES ('130071601097', 'ENB1282', 0, 100, 2);
INSERT INTO "CAT3_TABLE" VALUES ('130071601097', 'EEB1282', 0, 75, 2);
INSERT INTO "CAT3_TABLE" VALUES ('130071601097', 'PHB1284', 0, 100, 2);
INSERT INTO "CAT3_TABLE" VALUES ('130071601097', 'MAB2181', 85, 75, 3);
INSERT INTO "CAT3_TABLE" VALUES ('130071601097', 'SSB2181', 85, 95, 3);
INSERT INTO "CAT3_TABLE" VALUES ('130071601097', 'CSB2101', 80, 85, 3);
INSERT INTO "CAT3_TABLE" VALUES ('130071601097', 'CSB2103', 85, 75, 3);
INSERT INTO "CAT3_TABLE" VALUES ('130071601097', 'ENB2181', 0, 100, 3);
INSERT INTO "CAT3_TABLE" VALUES ('130071601097', 'CSB2105', 0, 75, 3);
INSERT INTO "CAT3_TABLE" VALUES ('130071601097', 'CSB2106', 0, 100, 3);
INSERT INTO "CAT3_TABLE" VALUES ('130071601097', 'CSB2107', 0, 90, 3);
INSERT INTO "CAT3_TABLE" VALUES ('130071601097', 'MAB2285', 85, 75, 4);
INSERT INTO "CAT3_TABLE" VALUES ('130071601097', 'LSB2181', 86, 95, 4);
INSERT INTO "CAT3_TABLE" VALUES ('130071601097', 'CSB2211', 78, 70, 4);
INSERT INTO "CAT3_TABLE" VALUES ('130071601097', 'CSB2212', 80, 85, 4);
INSERT INTO "CAT3_TABLE" VALUES ('130071601097', 'CSB2213', 85, 95, 4);
INSERT INTO "CAT3_TABLE" VALUES ('130071601097', 'CSB2214', 85, 75, 4);
INSERT INTO "CAT3_TABLE" VALUES ('130071601097', 'ENB2282', 0, 100, 4);
INSERT INTO "CAT3_TABLE" VALUES ('130071601097', 'CSB2215', 0, 75, 4);
INSERT INTO "CAT3_TABLE" VALUES ('130071601097', 'CSB2216', 0, 100, 4);
INSERT INTO "CAT3_TABLE" VALUES ('130071601097', 'CSB2217', 0, 75, 4);
INSERT INTO "CAT3_TABLE" VALUES ('130071601097', 'CSB2102', 63, 75, 3);
INSERT INTO "CAT3_TABLE" VALUES ('130071601097', 'CSB2104', 86, 95, 3);
INSERT INTO "CAT3_TABLE" VALUES ('130071601097', 'PHB1182', 76, 100, 1);
INSERT INTO "CAT3_TABLE" VALUES ('130071601097', 'CHB1182', 90, 100, 1);
INSERT INTO "CAT3_TABLE" VALUES ('130071601097', 'GEB1102', 88, 75, 1);
INSERT INTO "CAT3_TABLE" VALUES ('130071601095', 'CSB2101', 70, 80, 3);
INSERT INTO "CAT3_TABLE" VALUES ('130071603007', 'CSB2101', 90, 80, 3);


--
-- Data for Name: COURSE; Type: TABLE DATA; Schema: public; Owner: norm
--

INSERT INTO "COURSE" VALUES ('130071601097', 'ENB1181', 1, 'A', '2013-12-08', 0, 0);
INSERT INTO "COURSE" VALUES ('130071601097', 'PHB1181', 1, 'C', '2013-12-08', 0, 0);
INSERT INTO "COURSE" VALUES ('130071601097', 'CHB1181', 1, 'B', '2013-12-08', 0, 0);
INSERT INTO "COURSE" VALUES ('130071601097', 'GEB1101', 1, 'A', '2013-12-08', 0, 0);
INSERT INTO "COURSE" VALUES ('130071601097', 'SSB1181', 1, 'B', '2013-12-08', 0, 0);
INSERT INTO "COURSE" VALUES ('130071601097', 'PHB1182', 1, 'S', '2013-12-08', 0, 0);
INSERT INTO "COURSE" VALUES ('130071601097', 'GEB1102', 1, 'A', '2013-12-08', 0, 0);
INSERT INTO "COURSE" VALUES ('130071601097', 'GEB1103', 1, 'A', '2013-12-08', 0, 0);
INSERT INTO "COURSE" VALUES ('130071601097', 'PHB1283', 2, 'B', '2014-06-08', 0, 0);
INSERT INTO "COURSE" VALUES ('130071601097', 'SSB1182', 2, 'A', '2014-06-08', 0, 0);
INSERT INTO "COURSE" VALUES ('130071601097', 'GEB1211', 2, 'C', '2014-06-08', 0, 0);
INSERT INTO "COURSE" VALUES ('130071601097', 'EEB1281', 2, 'A', '2014-06-08', 0, 0);
INSERT INTO "COURSE" VALUES ('130071601097', 'CSB1211', 2, 'B', '2014-06-08', 0, 0);
INSERT INTO "COURSE" VALUES ('130071601097', 'ENB1282', 2, 'B', '2014-06-08', 0, 0);
INSERT INTO "COURSE" VALUES ('130071601097', 'EEB1282', 2, 'A', '2014-06-08', 0, 0);
INSERT INTO "COURSE" VALUES ('130071601097', 'PHB1284', 2, 'S', '2014-06-08', 0, 0);
INSERT INTO "COURSE" VALUES ('130071601097', 'SSB2181', 3, 'A', '2014-12-08', 0, 0);
INSERT INTO "COURSE" VALUES ('130071601097', 'CSB2101', 3, 'C', '2014-12-08', 0, 0);
INSERT INTO "COURSE" VALUES ('130071601097', 'CSB2102', 3, 'B', '2014-12-08', 0, 0);
INSERT INTO "COURSE" VALUES ('130071601097', 'CSB2103', 3, 'B', '2014-12-08', 0, 0);
INSERT INTO "COURSE" VALUES ('130071601097', 'CSB2104', 3, 'B', '2014-12-08', 0, 0);
INSERT INTO "COURSE" VALUES ('130071601097', 'ENB2181', 3, 'B', '2014-12-08', 0, 0);
INSERT INTO "COURSE" VALUES ('130071601097', 'CSB2105', 3, 'A', '2014-12-08', 0, 0);
INSERT INTO "COURSE" VALUES ('130071601097', 'CSB2106', 3, 'S', '2014-12-08', 0, 0);
INSERT INTO "COURSE" VALUES ('130071601097', 'LSB2181', 4, 'B', '2015-06-08', 0, 0);
INSERT INTO "COURSE" VALUES ('130071601097', 'CSB2211', 4, 'B', '2015-06-08', 0, 0);
INSERT INTO "COURSE" VALUES ('130071601097', 'CSB2212', 4, 'C', '2015-06-08', 0, 0);
INSERT INTO "COURSE" VALUES ('130071601097', 'CSB2213', 4, 'A', '2015-06-08', 0, 0);
INSERT INTO "COURSE" VALUES ('130071601097', 'CSB2214', 4, 'B', '2015-06-08', 0, 0);
INSERT INTO "COURSE" VALUES ('130071601097', 'ENB2282', 4, 'S', '2015-06-08', 0, 0);
INSERT INTO "COURSE" VALUES ('130071601097', 'CSB2215', 4, 'A', '2015-06-08', 0, 0);
INSERT INTO "COURSE" VALUES ('130071601097', 'CSB2216', 4, 'B', '2015-06-08', 0, 0);
INSERT INTO "COURSE" VALUES ('130071601097', 'CSB2217', 4, 'A', '2015-06-08', 0, 0);
INSERT INTO "COURSE" VALUES ('130071601097', 'CHB1182', 1, 'B', '2013-12-08', 0, 0);
INSERT INTO "COURSE" VALUES ('130071601097', 'MAB1181', 1, 'A', '2013-12-08', 0, 0);
INSERT INTO "COURSE" VALUES ('130071601097', 'MAB1282', 2, 'A', '2014-06-08', 0, 0);
INSERT INTO "COURSE" VALUES ('130071601097', 'MAB2285', 4, 'B', '2015-06-08', 0, 0);
INSERT INTO "COURSE" VALUES ('130071601097', 'MAB2181', 3, 'U', '2014-12-08', 0, 0);
INSERT INTO "COURSE" VALUES ('130071601097', 'CSB2107', 3, 'I', '2014-12-08', 0, 0);


--
-- Data for Name: INTERNALS; Type: TABLE DATA; Schema: public; Owner: norm
--

INSERT INTO "INTERNALS" VALUES ('130071601097', 'MAB1181', 42, 87, 1);
INSERT INTO "INTERNALS" VALUES ('130071601097', 'ENB1181', 42, 83, 1);
INSERT INTO "INTERNALS" VALUES ('130071601097', 'PHB1181', 35, 76, 1);
INSERT INTO "INTERNALS" VALUES ('130071601097', 'CHB1181', 33, 77, 1);
INSERT INTO "INTERNALS" VALUES ('130071601097', 'GEB1101', 41, 85, 1);
INSERT INTO "INTERNALS" VALUES ('130071601097', 'SSB1181', 39, 82, 1);
INSERT INTO "INTERNALS" VALUES ('130071601097', 'PHB1182', 45, 100, 1);
INSERT INTO "INTERNALS" VALUES ('130071601097', 'CHB1182', 35, 100, 1);
INSERT INTO "INTERNALS" VALUES ('130071601097', 'GEB1102', 40, 83, 1);
INSERT INTO "INTERNALS" VALUES ('130071601097', 'GEB1103', 41, 80, 1);
INSERT INTO "INTERNALS" VALUES ('130071601097', 'MAB1282', 41, 85, 2);
INSERT INTO "INTERNALS" VALUES ('130071601097', 'PHB1283', 39, 82, 2);
INSERT INTO "INTERNALS" VALUES ('130071601097', 'SSB1182', 41, 80, 2);
INSERT INTO "INTERNALS" VALUES ('130071601097', 'GEB1211', 35, 76, 2);
INSERT INTO "INTERNALS" VALUES ('130071601097', 'EEB1281', 40, 78, 2);
INSERT INTO "INTERNALS" VALUES ('130071601097', 'CSB1211', 39, 82, 2);
INSERT INTO "INTERNALS" VALUES ('130071601097', 'ENB1282', 35, 100, 2);
INSERT INTO "INTERNALS" VALUES ('130071601097', 'EEB1282', 40, 83, 2);
INSERT INTO "INTERNALS" VALUES ('130071601097', 'PHB1284', 45, 100, 2);
INSERT INTO "INTERNALS" VALUES ('130071601097', 'MAB2181', 39, 82, 3);
INSERT INTO "INTERNALS" VALUES ('130071601097', 'SSB2181', 40, 78, 3);
INSERT INTO "INTERNALS" VALUES ('130071601097', 'CSB2101', 35, 76, 3);
INSERT INTO "INTERNALS" VALUES ('130071601097', 'CSB2102', 38, 76, 3);
INSERT INTO "INTERNALS" VALUES ('130071601097', 'CSB2103', 39, 82, 3);
INSERT INTO "INTERNALS" VALUES ('130071601097', 'CSB2104', 39, 82, 3);
INSERT INTO "INTERNALS" VALUES ('130071601097', 'ENB2181', 35, 100, 3);
INSERT INTO "INTERNALS" VALUES ('130071601097', 'CSB2105', 40, 83, 3);
INSERT INTO "INTERNALS" VALUES ('130071601097', 'CSB2106', 45, 100, 3);
INSERT INTO "INTERNALS" VALUES ('130071601097', 'CSB2107', 30, 90, 3);
INSERT INTO "INTERNALS" VALUES ('130071601097', 'MAB2285', 39, 82, 4);
INSERT INTO "INTERNALS" VALUES ('130071601097', 'CSB2211', 40, 78, 4);
INSERT INTO "INTERNALS" VALUES ('130071601097', 'CSB2212', 35, 76, 4);
INSERT INTO "INTERNALS" VALUES ('130071601097', 'CSB2213', 38, 76, 4);
INSERT INTO "INTERNALS" VALUES ('130071601097', 'CSB2214', 39, 82, 4);
INSERT INTO "INTERNALS" VALUES ('130071601097', 'LSB2181', 39, 82, 4);
INSERT INTO "INTERNALS" VALUES ('130071601097', 'ENB2282', 45, 100, 4);
INSERT INTO "INTERNALS" VALUES ('130071601097', 'CSB2215', 40, 83, 4);
INSERT INTO "INTERNALS" VALUES ('130071601097', 'CSB2216', 35, 100, 4);
INSERT INTO "INTERNALS" VALUES ('130071601097', 'CSB2217', 40, 83, 4);


--
-- Data for Name: MARK_SCHEME; Type: TABLE DATA; Schema: public; Owner: norm
--

INSERT INTO "MARK_SCHEME" VALUES ('S', 10);
INSERT INTO "MARK_SCHEME" VALUES ('A', 9);
INSERT INTO "MARK_SCHEME" VALUES ('B', 8);
INSERT INTO "MARK_SCHEME" VALUES ('C', 7);
INSERT INTO "MARK_SCHEME" VALUES ('D', 6);
INSERT INTO "MARK_SCHEME" VALUES ('E', 5);
INSERT INTO "MARK_SCHEME" VALUES ('U', 0);
INSERT INTO "MARK_SCHEME" VALUES ('I', 0);


--
-- Data for Name: SUBJECT; Type: TABLE DATA; Schema: public; Owner: norm
--

INSERT INTO "SUBJECT" VALUES ('ENB1181', 'ENGLISH', 3);
INSERT INTO "SUBJECT" VALUES ('PHB1181', 'PHYSICS', 3);
INSERT INTO "SUBJECT" VALUES ('CHB1181', 'CHEMISTRY', 3);
INSERT INTO "SUBJECT" VALUES ('GEB1101', 'ENGINEERING GRAPHICS', 3);
INSERT INTO "SUBJECT" VALUES ('SSB1181', 'INTRODUCTION TO ECONOMICS', 3);
INSERT INTO "SUBJECT" VALUES ('CHB1182', 'CHEMISTRY LAB', 1);
INSERT INTO "SUBJECT" VALUES ('GEB1102', 'BASIC ENGINEERING PRACTICES', 1);
INSERT INTO "SUBJECT" VALUES ('GEB1103', 'COMPUTER PROGRAMMING', 3);
INSERT INTO "SUBJECT" VALUES ('MAB1282', 'ADVANCED CALCULUS', 4);
INSERT INTO "SUBJECT" VALUES ('PHB1283', 'PHYSICS OF ENGINEERING MATERIALS', 3);
INSERT INTO "SUBJECT" VALUES ('PHB1182', 'PHYSICS LAB', 1);
INSERT INTO "SUBJECT" VALUES ('SSB1182', 'SOCIOLOGY ETHICS AND HUMAN VALUES', 3);
INSERT INTO "SUBJECT" VALUES ('GEB1211', 'BASIC ENGINEERING MECHANICS', 3);
INSERT INTO "SUBJECT" VALUES ('EEB1281', 'INTRODUCTION TO ELECTRICAL AND ELECTRONICS ENGINEERING', 3);
INSERT INTO "SUBJECT" VALUES ('CSB1211', 'ANALOG AND DIGITAL COMMUNICATIONS', 3);
INSERT INTO "SUBJECT" VALUES ('EEB1282', 'ELECTRICAL AND ELECTRICAL LAB', 1);
INSERT INTO "SUBJECT" VALUES ('PHB1284', 'PHYSICS OF ENGINEERING MATERIALS LAB', 1);
INSERT INTO "SUBJECT" VALUES ('MAB2181', 'TRANSFORMS AND APPLICATIONS', 4);
INSERT INTO "SUBJECT" VALUES ('SSB2181', 'LAW FOR ENGINEERS', 3);
INSERT INTO "SUBJECT" VALUES ('CSB2101', 'OBJECT ORIENTED PROGRAMMING', 3);
INSERT INTO "SUBJECT" VALUES ('CSB2102', 'DATA STRUCTURES', 3);
INSERT INTO "SUBJECT" VALUES ('CSB2103', 'DIGITAL LOGIC DESIGN', 4);
INSERT INTO "SUBJECT" VALUES ('CSB2104', 'COMPUTER ARCHITECTURE', 3);
INSERT INTO "SUBJECT" VALUES ('ENB2181', 'ORAL COMMUNICATION', 1);
INSERT INTO "SUBJECT" VALUES ('CSB2105', 'OBJECT ORIENTED PROGRAMMING LAB', 1);
INSERT INTO "SUBJECT" VALUES ('CSB2106', 'DATA STRUCTURES LAB', 1);
INSERT INTO "SUBJECT" VALUES ('CSB2107', 'DIGITAL LAB', 1);
INSERT INTO "SUBJECT" VALUES ('MAB2285', 'DISCRETE MATHEMATICS', 4);
INSERT INTO "SUBJECT" VALUES ('LSB2181', 'BIOLOGY FOR ENGINEERS', 3);
INSERT INTO "SUBJECT" VALUES ('CSB2211', 'DATABASE MANAGEMENT SYSTEM', 3);
INSERT INTO "SUBJECT" VALUES ('CSB2212', 'OPERATING SYSTEMS', 3);
INSERT INTO "SUBJECT" VALUES ('CSB2213', 'MICROPROCESSORS AND MICROCONTROLLERS', 3);
INSERT INTO "SUBJECT" VALUES ('CSB2214', 'PRINCIPLE OF PROGRAMMING', 3);
INSERT INTO "SUBJECT" VALUES ('ENB2282', 'CONFIDENCE BUILDING & BEHAVIORAL SKILL', 1);
INSERT INTO "SUBJECT" VALUES ('CSB2215', 'DBMS LAB', 1);
INSERT INTO "SUBJECT" VALUES ('CSB2216', 'OPERATING SYSTEMS LAB', 1);
INSERT INTO "SUBJECT" VALUES ('CSB2217', 'MICROPROCESSOR AND MICROCONTROLLER LAB', 1);
INSERT INTO "SUBJECT" VALUES ('ENB1282', 'WRITTEN COMMUNICATION', 1);
INSERT INTO "SUBJECT" VALUES ('MAB1181', 'ALGEBRA GEOMETRY AND CALCULUS', 4);
INSERT INTO "SUBJECT" VALUES ('TUR101', 'Introduction to Turing Machine', 1);


--
-- Data for Name: TEACHING; Type: TABLE DATA; Schema: public; Owner: norm
--

INSERT INTO "TEACHING" VALUES ('130071601094', 'CSB2104', '2012_34');
INSERT INTO "TEACHING" VALUES ('130071601093', 'CSB2104', '2012_34');
INSERT INTO "TEACHING" VALUES ('130071601097', 'CSBX10', '2010_34');
INSERT INTO "TEACHING" VALUES ('130071601095', 'CSBX10', '2010_34');


--
-- PostgreSQL database dump complete
--